type,name,code,aliases,parent_code,room_number,floor_number,latitude,longitude,outdoor_destination_latitude,outdoor_destination_longitude,concept3d_id,concept3d_category_ids,multiset_destination_id,source,source_id,source_url,searchable,active,metadata
"building","Academic Services","AS","","","","","","","","","","","","csulb_building_names_codes","AS","https://www.csulb.edu/maps/building-names-codes","true","true","{""categories"":[""student_services""]}"
"building","Anna W. Ngai Alumni Center","ANAC","","","","","","","","","","","","csulb_building_names_codes","ANAC","https://www.csulb.edu/maps/building-names-codes","true","true","{""categories"":[""student_services""]}"
"building","Barrett Athletic Administration Center","BAC","Barrett Athletic Administration Building","","","","","","","","","","","csulb_building_names_codes","BAC","https://www.csulb.edu/maps/building-names-codes","true","true","{""categories"":[""athletic_facility""]}"
"building","BBS Collections Area","CA","","","","","","","","","","","","csulb_building_names_codes","CA","https://www.csulb.edu/maps/building-names-codes","true","true","{""categories"":[""building""]}"
"building","Beach Building Services","BBS","","","","","","","","","","","","csulb_building_names_codes","BBS","https://www.csulb.edu/maps/building-names-codes","true","true","{""categories"":[""building""]}"
"building","Bob and Barbara Ellis Education","EED","Bob and Barbara Ellis Education Building","","","","","","","","","","","csulb_building_names_codes","EED","https://www.csulb.edu/maps/building-names-codes","true","true","{""categories"":[""building""]}"
"building","Bookstore","BKS","","","","","","","","","","","","csulb_building_names_codes","BKS","https://www.csulb.edu/maps/building-names-codes","true","true","{""categories"":[""student_services""]}"
"building","Cafeteria","CAFÉ","","","","","","","","","","","","csulb_building_names_codes","CAFÉ","https://www.csulb.edu/maps/building-names-codes","true","true","{""categories"":[""dining""]}"
"building","Carpenter Performing Arts Center","CPAC","","","","","","","","","","","","csulb_building_names_codes","CPAC","https://www.csulb.edu/maps/building-names-codes","true","true","{""categories"":[""campus_landmark""]}"
"building","Central Plant","CP","","","","","","","","","","","","csulb_building_names_codes","CP","https://www.csulb.edu/maps/building-names-codes","true","true","{""categories"":[""building""]}"
"building","College of Business","COB","","","","","","","","","","","","csulb_building_names_codes","COB","https://www.csulb.edu/maps/building-names-codes","true","true","{""categories"":[""building""]}"
"building","College of Liberal Arts Administration","CLA","","","","","","","","","","","","csulb_building_names_codes","CLA","https://www.csulb.edu/maps/building-names-codes","true","true","{""categories"":[""building""]}"
"building","College of Professional and Continuing Education","CPCE","","","","","","","","","","","","csulb_building_names_codes","CPCE","https://www.csulb.edu/maps/building-names-codes","true","true","{""categories"":[""student_services""]}"
"building","Corporation Yard","CORP","","","","","","","","","","","","csulb_building_names_codes","CORP","https://www.csulb.edu/maps/building-names-codes","true","true","{""categories"":[""building""]}"
"building","CSULB Foundation","FDN","Foundation","","","","","","","","","","","csulb_building_names_codes","FDN","https://www.csulb.edu/maps/building-names-codes","true","true","{""categories"":[""student_services""],""map_code"":""FND""}"
"building","Design","DESN","","","","","","","","","","","","csulb_building_names_codes","DESN","https://www.csulb.edu/maps/building-names-codes","true","true","{""categories"":[""building""]}"
"building","E. James Brotman Hall","BH","Brotman Hall","","","","","","","","","","","csulb_building_names_codes","BH","https://www.csulb.edu/maps/building-names-codes","true","true","{""categories"":[""student_services""]}"
"amenity","Earl Burns Miller Japanese Garden","JG","Japanese Garden","","","","","","","","","","","csulb_building_names_codes","JG","https://www.csulb.edu/maps/building-names-codes","true","true","{""categories"":[""campus_landmark""]}"
"building","Education 2","ED2","","","","","","","","","","","","csulb_building_names_codes","ED2","https://www.csulb.edu/maps/building-names-codes","true","true","{""categories"":[""building""]}"
"building","Engineering 2","EN2","","","","","","","","","","","","csulb_building_names_codes","EN2","https://www.csulb.edu/maps/building-names-codes","true","true","{""categories"":[""building""]}"
"building","Engineering 3","EN3","","","","","","","","","","","","csulb_building_names_codes","EN3","https://www.csulb.edu/maps/building-names-codes","true","true","{""categories"":[""building""]}"
"building","Engineering 4","EN4","","","","","","","","","","","","csulb_building_names_codes","EN4","https://www.csulb.edu/maps/building-names-codes","true","true","{""categories"":[""building""]}"
"building","Engineering and Computer Science","ECS","","","","","","","","","","","","csulb_building_names_codes","ECS","https://www.csulb.edu/maps/building-names-codes","true","true","{""categories"":[""building""]}"
"building","Engineering Technology","ET","","","","","","","","","","","","csulb_building_names_codes","ET","https://www.csulb.edu/maps/building-names-codes","true","true","{""categories"":[""building""]}"
"building","Faculty Office 2","FO2","","","","","","","","","","","","csulb_building_names_codes","FO2","https://www.csulb.edu/maps/building-names-codes","true","true","{""categories"":[""building""]}"
"building","Faculty Office 3","FO3","","","","","","","","","","","","csulb_building_names_codes","FO3","https://www.csulb.edu/maps/building-names-codes","true","true","{""categories"":[""building""]}"
"building","Faculty Office 4","FO4","","","","","","","","","","","","csulb_building_names_codes","FO4","https://www.csulb.edu/maps/building-names-codes","true","true","{""categories"":[""building""]}"
"building","Faculty Office 5","FO5","","","","","","","","","","","","csulb_building_names_codes","FO5","https://www.csulb.edu/maps/building-names-codes","true","true","{""categories"":[""building""]}"
"building","Family and Consumer Sciences","FCS","","","","","","","","","","","","csulb_building_names_codes","FCS","https://www.csulb.edu/maps/building-names-codes","true","true","{""categories"":[""building""]}"
"building","Fine Arts 1","FA1","","","","","","","","","","","","csulb_building_names_codes","FA1","https://www.csulb.edu/maps/building-names-codes","true","true","{""categories"":[""building""]}"
"building","Fine Arts 2","FA2","","","","","","","","","","","","csulb_building_names_codes","FA2","https://www.csulb.edu/maps/building-names-codes","true","true","{""categories"":[""building""]}"
"building","Fine Arts 3","FA3","","","","","","","","","","","","csulb_building_names_codes","FA3","https://www.csulb.edu/maps/building-names-codes","true","true","{""categories"":[""building""]}"
"building","Fine Arts 4","FA4","","","","","","","","","","","","csulb_building_names_codes","FA4","https://www.csulb.edu/maps/building-names-codes","true","true","{""categories"":[""building""]}"
"building","Greenhouse 3","","","","","","","","","","","","","csulb_building_names_codes","","https://www.csulb.edu/maps/building-names-codes","true","true","{""categories"":[""building""]}"
"building","Hall of Science","HSCI","","","","","","","","","","","","csulb_building_names_codes","HSCI","https://www.csulb.edu/maps/building-names-codes","true","true","{""categories"":[""building""]}"
"building","Health & Human Services 1","HHS1","","","","","","","","","","","","csulb_building_names_codes","HHS1","https://www.csulb.edu/maps/building-names-codes","true","true","{""categories"":[""building""]}"
"building","Health & Human Services 2","HHS2","","","","","","","","","","","","csulb_building_names_codes","HHS2","https://www.csulb.edu/maps/building-names-codes","true","true","{""categories"":[""building""]}"
"building","Hillside Gateway","HG","","","","","","","","","","","","csulb_building_names_codes","HG","https://www.csulb.edu/maps/building-names-codes","true","true","{""categories"":[""housing""]}"
"building","Human Services & Design","HSD","","","","","","","","","","","","csulb_building_names_codes","HSD","https://www.csulb.edu/maps/building-names-codes","true","true","{""categories"":[""building""]}"
"building","International House","IH","","","","","","","","","","","","csulb_building_names_codes","IH","https://www.csulb.edu/maps/building-names-codes","true","true","{""categories"":[""housing""]}"
"building","Isabel Patterson Child Devlopment Center","CDC","Child Development Center","","","","","","","","","","","csulb_building_names_codes","CDC","https://www.csulb.edu/maps/building-names-codes","true","true","{""categories"":[""student_services""],""source_spelling_preserved"":true}"
"building","Kinesiology","KIN","","","","","","","","","","","","csulb_building_names_codes","KIN","https://www.csulb.edu/maps/building-names-codes","true","true","{""categories"":[""building""]}"
"building","Language Arts","LAB","","","","","","","","","","","","csulb_building_names_codes","LAB","https://www.csulb.edu/maps/building-names-codes","true","true","{""categories"":[""building""]}"
"building","Lecture Hall 150-151","LH","","","","","","","","","","","","csulb_building_names_codes","LH","https://www.csulb.edu/maps/building-names-codes","true","true","{""categories"":[""building""]}"
"building","Liberal Arts 1","LA1","","","","","","","","","","","","csulb_building_names_codes","LA1","https://www.csulb.edu/maps/building-names-codes","true","true","{""categories"":[""building""]}"
"building","Liberal Arts 2","LA2","","","","","","","","","","","","csulb_building_names_codes","LA2","https://www.csulb.edu/maps/building-names-codes","true","true","{""categories"":[""building""]}"
"building","Liberal Arts 3","LA3","","","","","","","","","","","","csulb_building_names_codes","LA3","https://www.csulb.edu/maps/building-names-codes","true","true","{""categories"":[""building""]}"
"building","Liberal Arts 4","LA4","","","","","","","","","","","","csulb_building_names_codes","LA4","https://www.csulb.edu/maps/building-names-codes","true","true","{""categories"":[""building""]}"
"building","Liberal Arts 5","LA5","","","","","","","","","","","","csulb_building_names_codes","LA5","https://www.csulb.edu/maps/building-names-codes","true","true","{""categories"":[""building""]}"
"building","Library","LIB","","","","","","","","","","","","csulb_building_names_codes","LIB","https://www.csulb.edu/maps/building-names-codes","true","true","{""categories"":[""student_services""]}"
"building","Los Alamitos Hall","LAH","","","","","","","","","","","","csulb_building_names_codes","LAH","https://www.csulb.edu/maps/building-names-codes","true","true","{""categories"":[""housing""]}"
"building","Los Cerritos Hall","LCH","","","","","","","","","","","","csulb_building_names_codes","LCH","https://www.csulb.edu/maps/building-names-codes","true","true","{""categories"":[""housing""]}"
"building","McIntosh Humanities Bldg","MHB","","","","","","","","","","","","csulb_building_names_codes","MHB","https://www.csulb.edu/maps/building-names-codes","true","true","{""categories"":[""building""]}"
"building","Microbiology","MIC","","","","","","","","","","","","csulb_building_names_codes","MIC","https://www.csulb.edu/maps/building-names-codes","true","true","{""categories"":[""building""]}"
"building","LBS Financial Credit Union Pyramid","PYR","","","","","","","","","","","","csulb_building_names_codes","PYR","https://www.csulb.edu/maps/building-names-codes","true","true","{""categories"":[""athletic_facility"",""campus_landmark""]}"
"building","Molecular & Life Sciences Center","MLSC","","","","","","","","","","","","csulb_building_names_codes","MLSC","https://www.csulb.edu/maps/building-names-codes","true","true","{""categories"":[""building""]}"
"building","Multimedia Center","MMC","","","","","","","","","","","","csulb_building_names_codes","MMC","https://www.csulb.edu/maps/building-names-codes","true","true","{""categories"":[""building""]}"
"building","Nursing","NUR","","","","","","","","","","","","csulb_building_names_codes","NUR","https://www.csulb.edu/maps/building-names-codes","true","true","{""categories"":[""building""]}"
"building","Outpost","OP","","","","","","","","","","","","csulb_building_names_codes","OP","https://www.csulb.edu/maps/building-names-codes","true","true","{""categories"":[""dining""]}"
"parking","Palo Verde North Parking Structure","","","","","","","","","","","","","csulb_building_names_codes","","https://www.csulb.edu/maps/building-names-codes","true","true","{""categories"":[""parking_structure""]}"
"parking","Palo Verde South Parking Structure","","","","","","","","","","","","","csulb_building_names_codes","","https://www.csulb.edu/maps/building-names-codes","true","true","{""categories"":[""parking_structure""]}"
"building","Parking & Transportation Services","PTS","","","","","","","","","","","","csulb_building_names_codes","PTS","https://www.csulb.edu/maps/building-names-codes","true","true","{""categories"":[""student_services""]}"
"building","Parkside Commons","PCH","","","","","","","","","","","","csulb_building_names_codes","PCH","https://www.csulb.edu/maps/building-names-codes","true","true","{""categories"":[""housing""]}"
"building","Parkside North","PN","","","","","","","","","","","","csulb_building_names_codes","PN","https://www.csulb.edu/maps/building-names-codes","true","true","{""categories"":[""housing""]}"
"building","Peterson Hall 1","PH1","","","","","","","","","","","","csulb_building_names_codes","PH1","https://www.csulb.edu/maps/building-names-codes","true","true","{""categories"":[""building""]}"
"building","Psychology","PSY","","","","","","","","","","","","csulb_building_names_codes","PSY","https://www.csulb.edu/maps/building-names-codes","true","true","{""categories"":[""building""]}"
"parking","Pyramid Parking Structure","","","","","","","","","","","","","csulb_building_names_codes","","https://www.csulb.edu/maps/building-names-codes","true","true","{""categories"":[""parking_structure""]}"
"building","Reprographics","REPR","","","","","","","","","","","","csulb_building_names_codes","REPR","https://www.csulb.edu/maps/building-names-codes","true","true","{""categories"":[""building""]}"
"building","Residence Commons","RCH","","","","","","","","","","","","csulb_building_names_codes","RCH","https://www.csulb.edu/maps/building-names-codes","true","true","{""categories"":[""housing""]}"
"building","Shakarian Student Success Center","SSSC","","","","","","","","","","","","csulb_building_names_codes","SSSC","https://www.csulb.edu/maps/building-names-codes","true","true","{""categories"":[""student_services""]}"
"building","Social Science/Public Affairs","SSPA","SS/PA","","","","","","","","","","","csulb_building_names_codes","SSPA","https://www.csulb.edu/maps/building-names-codes","true","true","{""categories"":[""building""]}"
"amenity","Softball Restrooms","","","","","","","","","","","","","csulb_building_names_codes","","https://www.csulb.edu/maps/building-names-codes","true","true","{""categories"":[""restroom""]}"
"building","Steve and Nini Horn Center","HC","Horn Center","","","","","","","","","","","csulb_building_names_codes","HC","https://www.csulb.edu/maps/building-names-codes","true","true","{""categories"":[""building""]}"
"building","Student Health Services","SHS","","","","","","","","","","","","csulb_building_names_codes","SHS","https://www.csulb.edu/maps/building-names-codes","true","true","{""categories"":[""student_services""]}"
"building","Student Recreation & Wellness Center","SRWC","","","","","","","","","","","","csulb_building_names_codes","SRWC","https://www.csulb.edu/maps/building-names-codes","true","true","{""categories"":[""athletic_facility""]}"
"building","Theatre Arts","TA","","","","","","","","","","","","csulb_building_names_codes","TA","https://www.csulb.edu/maps/building-names-codes","true","true","{""categories"":[""building""]}"
"building","University Music Center","UMC","","","","","","","","","","","","csulb_building_names_codes","UMC","https://www.csulb.edu/maps/building-names-codes","true","true","{""categories"":[""building""]}"
"building","University Police Bldg","UP","","","","","","","","","","","","csulb_building_names_codes","UP","https://www.csulb.edu/maps/building-names-codes","true","true","{""categories"":[""student_services""]}"
"building","University Student Union","USU","","","","","","","","","","","","csulb_building_names_codes","USU","https://www.csulb.edu/maps/building-names-codes","true","true","{""categories"":[""student_services""]}"
"building","University Telecommunications Center","UTC","","","","","","","","","","","","csulb_building_names_codes","UTC","https://www.csulb.edu/maps/building-names-codes","true","true","{""categories"":[""building""]}"
"building","University Theatre","UT","","","","","","","","","","","","csulb_building_names_codes","UT","https://www.csulb.edu/maps/building-names-codes","true","true","{""categories"":[""building""]}"
"building","Visitor Information Center","VIC","","","","","","","","","","","","csulb_building_names_codes","VIC","https://www.csulb.edu/maps/building-names-codes","true","true","{""categories"":[""student_services""]}"
"building","Vivian Engineering Center","VEC","","","","","","","","","","","","csulb_building_names_codes","VEC","https://www.csulb.edu/maps/building-names-codes","true","true","{""categories"":[""building""]}"
"building","Dance Center","DC","","","","","","","","","","","","csulb_campus_map_2026","DC","https://www.csulb.edu/sites/default/files/document/campus-map_2.pdf","true","true","{""categories"":[""building""]}"
"building","Family and Consumer Sciences Annex","FCSA","","","","","","","","","","","","csulb_campus_map_2026","FCSA","https://www.csulb.edu/sites/default/files/document/campus-map_2.pdf","true","true","{""categories"":[""building""]}"
"building","Soccer and Softball Clubhouse","SSCH","","","","","","","","","","","","csulb_campus_map_2026","SSCH","https://www.csulb.edu/sites/default/files/document/campus-map_2.pdf","true","true","{""categories"":[""athletic_facility""]}"
"building","Kleefeld Contemporary Art Museum","KCAM","","","","","","","","","","","","csulb_campus_map_2026","KCAM","https://www.csulb.edu/sites/default/files/document/campus-map_2.pdf","true","true","{""categories"":[""campus_landmark""]}"
"building","Cinematic Arts","CINE","","","","","","","","","","","","csulb_campus_map_2026","CINE","https://www.csulb.edu/sites/default/files/document/campus-map_2.pdf","true","true","{""categories"":[""building""]}"
"amenity","Coastal Coffee","CC","","","","","","","","","","","","csulb_campus_map_2026","CC","https://www.csulb.edu/sites/default/files/document/campus-map_2.pdf","true","true","{""categories"":[""dining""]}"
"entrance","Main Entrance","","","","","","","","","","","","","csulb_campus_map_2026","","https://www.csulb.edu/sites/default/files/document/campus-map_2.pdf","true","true","{""categories"":[""campus_entrance""]}"
"amenity","Track & Field","","","","","","","","","","","","","csulb_campus_map_2026","","https://www.csulb.edu/sites/default/files/document/campus-map_2.pdf","true","true","{""categories"":[""athletic_facility""]}"
"amenity","Softball Field","","","","","","","","","","","","","csulb_campus_map_2026","","https://www.csulb.edu/sites/default/files/document/campus-map_2.pdf","true","true","{""categories"":[""athletic_facility""]}"
"amenity","Baseball Field","","","","","","","","","","","","","csulb_campus_map_2026","","https://www.csulb.edu/sites/default/files/document/campus-map_2.pdf","true","true","{""categories"":[""athletic_facility""]}"
"amenity","George H. Allen Field","","","","","","","","","","","","","csulb_campus_map_2026","","https://www.csulb.edu/sites/default/files/document/campus-map_2.pdf","true","true","{""categories"":[""athletic_facility""]}"
"amenity","Tennis Courts","","","","","","","","","","","","","csulb_campus_map_2026","","https://www.csulb.edu/sites/default/files/document/campus-map_2.pdf","true","true","{""categories"":[""athletic_facility""]}"
"amenity","Pools","","","","","","","","","","","","","csulb_campus_map_2026","","https://www.csulb.edu/sites/default/files/document/campus-map_2.pdf","true","true","{""categories"":[""athletic_facility""]}"
"amenity","Parkside Dining","","","","","","","","","","","","","csulb_campus_map_2026","","https://www.csulb.edu/sites/default/files/document/campus-map_2.pdf","true","true","{""categories"":[""dining""]}"
"amenity","Hillside Dining","","","","","","","","","","","","","csulb_campus_map_2026","","https://www.csulb.edu/sites/default/files/document/campus-map_2.pdf","true","true","{""categories"":[""dining""]}"
"amenity","Dining Office","","","","","","","","","","","","","csulb_campus_map_2026","","https://www.csulb.edu/sites/default/files/document/campus-map_2.pdf","true","true","{""categories"":[""dining""]}"
"building","La Playa","","","","","","","","","","","","","csulb_campus_map_2026","","https://www.csulb.edu/sites/default/files/document/campus-map_2.pdf","true","true","{""categories"":[""housing""]}"
"amenity","Amazon @ The Beach","","","","","","","","","","","","","csulb_campus_map_2026","","https://www.csulb.edu/sites/default/files/document/campus-map_2.pdf","true","true","{""categories"":[""student_services""]}"
"parking","General Parking Lot G1","G1","","","","","","","","","","","","csulb_campus_map_2026","G1","https://www.csulb.edu/sites/default/files/document/campus-map_2.pdf","true","true","{""categories"":[""parking_lot""],""parking_class"":""student_general""}"
"parking","General Parking Lot G2","G2","","","","","","","","","","","","csulb_campus_map_2026","G2","https://www.csulb.edu/sites/default/files/document/campus-map_2.pdf","true","true","{""categories"":[""parking_lot""],""parking_class"":""student_general""}"
"parking","General Parking Lot G3","G3","","","","","","","","","","","","csulb_campus_map_2026","G3","https://www.csulb.edu/sites/default/files/document/campus-map_2.pdf","true","true","{""categories"":[""parking_lot""],""parking_class"":""student_general""}"
"parking","General Parking Lot G4","G4","","","","","","","","","","","","csulb_campus_map_2026","G4","https://www.csulb.edu/sites/default/files/document/campus-map_2.pdf","true","true","{""categories"":[""parking_lot""],""parking_class"":""student_general""}"
"parking","General Parking Lot G5","G5","","","","","","","","","","","","csulb_campus_map_2026","G5","https://www.csulb.edu/sites/default/files/document/campus-map_2.pdf","true","true","{""categories"":[""parking_lot""],""parking_class"":""student_general""}"
"parking","General Parking Lot G6","G6","","","","","","","","","","","","csulb_campus_map_2026","G6","https://www.csulb.edu/sites/default/files/document/campus-map_2.pdf","true","true","{""categories"":[""parking_lot""],""parking_class"":""student_general""}"
"parking","General Parking Lot G7","G7","","","","","","","","","","","","csulb_campus_map_2026","G7","https://www.csulb.edu/sites/default/files/document/campus-map_2.pdf","true","true","{""categories"":[""parking_lot""],""parking_class"":""student_general""}"
"parking","General Parking Lot G8","G8","","","","","","","","","","","","csulb_campus_map_2026","G8","https://www.csulb.edu/sites/default/files/document/campus-map_2.pdf","true","true","{""categories"":[""parking_lot""],""parking_class"":""student_general""}"
"parking","General Parking Lot G9","G9","","","","","","","","","","","","csulb_campus_map_2026","G9","https://www.csulb.edu/sites/default/files/document/campus-map_2.pdf","true","true","{""categories"":[""parking_lot""],""parking_class"":""student_general""}"
"parking","General Parking Lot G10","G10","","","","","","","","","","","","csulb_campus_map_2026","G10","https://www.csulb.edu/sites/default/files/document/campus-map_2.pdf","true","true","{""categories"":[""parking_lot""],""parking_class"":""student_general""}"
"parking","General Parking Lot G11","G11","","","","","","","","","","","","csulb_campus_map_2026","G11","https://www.csulb.edu/sites/default/files/document/campus-map_2.pdf","true","true","{""categories"":[""parking_lot""],""parking_class"":""student_general""}"
"parking","General Parking Lot G12","G12","","","","","","","","","","","","csulb_campus_map_2026","G12","https://www.csulb.edu/sites/default/files/document/campus-map_2.pdf","true","true","{""categories"":[""parking_lot""],""parking_class"":""student_general""}"
"parking","General Parking Lot G13","G13","","","","","","","","","","","","csulb_campus_map_2026","G13","https://www.csulb.edu/sites/default/files/document/campus-map_2.pdf","true","true","{""categories"":[""parking_lot""],""parking_class"":""student_general""}"
"parking","General Parking Lot G14","G14","","","","","","","","","","","","csulb_campus_map_2026","G14","https://www.csulb.edu/sites/default/files/document/campus-map_2.pdf","true","true","{""categories"":[""parking_lot""],""parking_class"":""student_general""}"
"parking","Employee Parking Lot E1","E1","","","","","","","","","","","","csulb_campus_map_2026","E1","https://www.csulb.edu/sites/default/files/document/campus-map_2.pdf","true","true","{""categories"":[""parking_lot""],""parking_class"":""employee""}"
"parking","Employee Parking Lot E2","E2","","","","","","","","","","","","csulb_campus_map_2026","E2","https://www.csulb.edu/sites/default/files/document/campus-map_2.pdf","true","true","{""categories"":[""parking_lot""],""parking_class"":""employee""}"
"parking","Employee Parking Lot E3","E3","","","","","","","","","","","","csulb_campus_map_2026","E3","https://www.csulb.edu/sites/default/files/document/campus-map_2.pdf","true","true","{""categories"":[""parking_lot""],""parking_class"":""employee""}"
"parking","Lot E4 / LifeFit Permit Parking","E4","","","","","","","","","","","","csulb_campus_map_2026","E4","https://www.csulb.edu/sites/default/files/document/campus-map_2.pdf","true","true","{""categories"":[""parking_lot""],""parking_class"":""e4_lifefit_permit""}"
"parking","Employee Parking Lot E5","E5","","","","","","","","","","","","csulb_campus_map_2026","E5","https://www.csulb.edu/sites/default/files/document/campus-map_2.pdf","true","true","{""categories"":[""parking_lot""],""parking_class"":""employee""}"
"parking","Employee Parking Lot E6","E6","","","","","","","","","","","","csulb_campus_map_2026","E6","https://www.csulb.edu/sites/default/files/document/campus-map_2.pdf","true","true","{""categories"":[""parking_lot""],""parking_class"":""employee""}"
"parking","Employee Parking Lot E7","E7","","","","","","","","","","","","csulb_campus_map_2026","E7","https://www.csulb.edu/sites/default/files/document/campus-map_2.pdf","true","true","{""categories"":[""parking_lot""],""parking_class"":""employee""}"
"parking","Employee Parking Lot E8","E8","","","","","","","","","","","","csulb_campus_map_2026","E8","https://www.csulb.edu/sites/default/files/document/campus-map_2.pdf","true","true","{""categories"":[""parking_lot""],""parking_class"":""employee""}"
"parking","Employee Parking Lot E9","E9","","","","","","","","","","","","csulb_campus_map_2026","E9","https://www.csulb.edu/sites/default/files/document/campus-map_2.pdf","true","true","{""categories"":[""parking_lot""],""parking_class"":""employee""}"
"parking","Employee Parking Lot E10","E10","","","","","","","","","","","","csulb_campus_map_2026","E10","https://www.csulb.edu/sites/default/files/document/campus-map_2.pdf","true","true","{""categories"":[""parking_lot""],""parking_class"":""employee""}"
"parking","Employee Parking Lot E11","E11","","","","","","","","","","","","csulb_campus_map_2026","E11","https://www.csulb.edu/sites/default/files/document/campus-map_2.pdf","true","true","{""categories"":[""parking_lot""],""parking_class"":""employee""}"
"parking","Resident Parking Lot R1","R1","","","","","","","","","","","","csulb_campus_map_2026","R1","https://www.csulb.edu/sites/default/files/document/campus-map_2.pdf","true","true","{""categories"":[""parking_lot""],""parking_class"":""resident""}"
"parking","Resident Parking Lot R2","R2","","","","","","","","","","","","csulb_campus_map_2026","R2","https://www.csulb.edu/sites/default/files/document/campus-map_2.pdf","true","true","{""categories"":[""parking_lot""],""parking_class"":""resident""}"
"parking","Short-Term Parking Lot S1","S1","","","","","","","","","","","","csulb_campus_map_2026","S1","https://www.csulb.edu/sites/default/files/document/campus-map_2.pdf","true","true","{""categories"":[""parking_lot""],""parking_class"":""short_term""}"
